{"cameraMode":{"drawMode":0,"name":"Shaded","section":"Shading Mode"},"sceneLighting":true,"audioPlay":false,"sceneViewState":{"showFog":true,"showMaterialUpdate":false,"showSkybox":true,"showFlares":true,"showImageEffects":true,"showParticleSystems":true},"in2DMode":false,"pivot":{"x":25.82575035095215,"y":160.42221069335938,"z":237.3311767578125},"rotation":{"x":-0.007935349829494954,"y":0.9544715285301209,"z":-0.2971460223197937,"w":-0.025489838793873788},"size":122.9534683227539,"orthographic":false}