{"cameraMode":{"drawMode":0,"name":"Shaded","section":"Shading Mode"},"sceneLighting":false,"audioPlay":false,"sceneViewState":{"showFog":true,"showMaterialUpdate":true,"showSkybox":true,"showFlares":true,"showImageEffects":true,"showParticleSystems":true},"in2DMode":false,"pivot":{"x":41.479713439941409,"y":235.20301818847657,"z":-256.0527648925781},"rotation":{"x":0.27132686972618105,"y":0.10112638771533966,"z":-0.02868029475212097,"w":0.9567302465438843},"size":16.96906089782715,"orthographic":false}