{"cameraMode":{"drawMode":0,"name":"Shaded","section":"Shading Mode"},"sceneLighting":false,"audioPlay":false,"sceneViewState":{"showFog":true,"showMaterialUpdate":true,"showSkybox":true,"showFlares":true,"showImageEffects":true,"showParticleSystems":true},"in2DMode":false,"pivot":{"x":-0.031177639961242677,"y":1.0568994283676148,"z":-0.34955400228500368},"rotation":{"x":0.10818038135766983,"y":0.8858675956726074,"z":-0.2598576545715332,"w":0.3687947988510132},"size":1.7882771492004395,"orthographic":false}