{"cameraMode":{"drawMode":0,"name":"Shaded","section":"Shading Mode"},"sceneLighting":false,"audioPlay":false,"sceneViewState":{"showFog":true,"showMaterialUpdate":true,"showSkybox":true,"showFlares":true,"showImageEffects":true,"showParticleSystems":true},"in2DMode":false,"pivot":{"x":-2.4354286193847658,"y":51.78028106689453,"z":14.464300155639649},"rotation":{"x":0.1637071818113327,"y":0.8242025971412659,"z":-0.2979024648666382,"w":0.4529285132884979},"size":68.1917724609375,"orthographic":false}