{"cameraMode":{"drawMode":0,"name":"Shaded","section":"Shading Mode"},"sceneLighting":false,"audioPlay":false,"sceneViewState":{"showFog":true,"showMaterialUpdate":true,"showSkybox":true,"showFlares":true,"showImageEffects":true,"showParticleSystems":true},"in2DMode":false,"pivot":{"x":20.45119285583496,"y":93.40575408935547,"z":-14.215045928955079},"rotation":{"x":0.020679092034697534,"y":0.9699698686599731,"z":-0.22541533410549165,"w":0.08898825943470001},"size":4.315560340881348,"orthographic":false}