{"cameraMode":{"drawMode":0,"name":"Shaded","section":"Shading Mode"},"sceneLighting":false,"audioPlay":false,"sceneViewState":{"showFog":true,"showMaterialUpdate":true,"showSkybox":true,"showFlares":true,"showImageEffects":true,"showParticleSystems":true},"in2DMode":false,"pivot":{"x":129.17984008789063,"y":68.04911041259766,"z":-71.95291137695313},"rotation":{"x":0.054947175085544589,"y":-0.5581935048103333,"z":0.037083324044942859,"w":0.8270584344863892},"size":83.06026458740235,"orthographic":false}