{"cameraMode":{"drawMode":0,"name":"Shaded","section":"Shading Mode"},"sceneLighting":false,"audioPlay":false,"sceneViewState":{"showFog":true,"showMaterialUpdate":true,"showSkybox":true,"showFlares":true,"showImageEffects":true,"showParticleSystems":true},"in2DMode":false,"pivot":{"x":-0.07804751396179199,"y":0.041197776794433597,"z":0.6849455833435059},"rotation":{"x":0.1637071818113327,"y":0.8242025971412659,"z":-0.2979024648666382,"w":0.4529285132884979},"size":22.0,"orthographic":false}