{"cameraMode":{"drawMode":0,"name":"Shaded","section":"Shading Mode"},"sceneLighting":false,"audioPlay":false,"sceneViewState":{"showFog":true,"showMaterialUpdate":true,"showSkybox":true,"showFlares":true,"showImageEffects":true,"showParticleSystems":true},"in2DMode":false,"pivot":{"x":32.988563537597659,"y":220.46673583984376,"z":-267.8957824707031},"rotation":{"x":0.321327805519104,"y":-0.09466405212879181,"z":0.03230118006467819,"w":0.941670835018158},"size":58.956546783447269,"orthographic":false}