{"cameraMode":{"drawMode":0,"name":"Shaded","section":"Shading Mode"},"sceneLighting":true,"audioPlay":false,"sceneViewState":{"showFog":true,"showMaterialUpdate":false,"showSkybox":true,"showFlares":true,"showImageEffects":true,"showParticleSystems":true},"in2DMode":false,"pivot":{"x":-33.64468765258789,"y":-13.2728271484375,"z":31.652244567871095},"rotation":{"x":-0.345986932516098,"y":0.24146538972854615,"z":-0.0926320031285286,"w":-0.901890754699707},"size":340.43994140625,"orthographic":false}