{"cameraMode":{"drawMode":0,"name":"Shaded","section":"Shading Mode"},"sceneLighting":true,"audioPlay":false,"sceneViewState":{"showFog":true,"showMaterialUpdate":false,"showSkybox":true,"showFlares":true,"showImageEffects":true,"showParticleSystems":true},"in2DMode":false,"pivot":{"x":16.79608726501465,"y":48.04014205932617,"z":20.391202926635743},"rotation":{"x":0.10009092092514038,"y":0.8999155759811401,"z":-0.3010306656360626,"w":0.29920607805252077},"size":118.63310241699219,"orthographic":false}